x,y,z
0.0,0.0,0.0
1.0,0.0,0.0
1.0,1.0,0.0
0.0,1.0,0.0
0.44,0.4,0.0
0.34,0.3,0.0
0.24,0.4,0.0
0.34,0.5,0.0
0.05,0.0,0.0
0.1,0.0,0.0
0.15,0.0,0.0
0.2,0.0,0.0
0.25,0.0,0.0
0.3,0.0,0.0
0.35,0.0,0.0
0.4,0.0,0.0
0.45,0.0,0.0
0.5,0.0,0.0
0.55,0.0,0.0
0.6,0.0,0.0
0.65,0.0,0.0
0.7,0.0,0.0
0.75,0.0,0.0
0.8,0.0,0.0
0.85,0.0,0.0
0.9,0.0,0.0
0.95,0.0,0.0
1.0,0.05,0.0
1.0,0.1,0.0
1.0,0.15,0.0
1.0,0.2,0.0
1.0,0.25,0.0
1.0,0.3,0.0
1.0,0.35,0.0
1.0,0.4,0.0
1.0,0.45,0.0
1.0,0.5,0.0
1.0,0.55,0.0
1.0,0.6,0.0
1.0,0.65,0.0
1.0,0.7,0.0
1.0,0.75,0.0
1.0,0.8,0.0
1.0,0.85,0.0
1.0,0.9,0.0
1.0,0.95,0.0
0.95,1.0,0.0
0.9,1.0,0.0
0.85,1.0,0.0
0.8,1.0,0.0
0.75,1.0,0.0
0.7,1.0,0.0
0.65,1.0,0.0
0.6,1.0,0.0
0.55,1.0,0.0
0.5,1.0,0.0
0.45,1.0,0.0
0.4,1.0,0.0
0.35,1.0,0.0
0.3,1.0,0.0
0.25,1.0,0.0
0.2,1.0,0.0
0.15,1.0,0.0
0.1,1.0,0.0
0.05,1.0,0.0
0.0,0.95,0.0
0.0,0.9,0.0
0.0,0.85,0.0
0.0,0.8,0.0
0.0,0.75,0.0
0.0,0.7,0.0
0.0,0.65,0.0
0.0,0.6,0.0
0.0,0.55,0.0
0.0,0.5,0.0
0.0,0.45,0.0
0.0,0.4,0.0
0.0,0.35,0.0
0.0,0.3,0.0
0.0,0.25,0.0
0.0,0.2,0.0
0.0,0.15,0.0
0.0,0.1,0.0
0.0,0.05,0.0
0.43952,0.3902,0.0
0.43808,0.38049,0.0
0.43569,0.37097,0.0
0.43239,0.36173,0.0
0.42819,0.35286,0.0
0.42315,0.34444,0.0
0.4173,0.33656,0.0
0.41071,0.32929,0.0
0.40344,0.3227,0.0
0.39556,0.31685,0.0
0.38714,0.31181,0.0
0.37827,0.30761,0.0
0.36903,0.30431,0.0
0.35951,0.30192,0.0
0.3498,0.30048,0.0
0.3302,0.30048,0.0
0.32049,0.30192,0.0
0.31097,0.30431,0.0
0.30173,0.30761,0.0
0.29286,0.31181,0.0
0.28444,0.31685,0.0
0.27656,0.3227,0.0
0.26929,0.32929,0.0
0.2627,0.33656,0.0
0.25685,0.34444,0.0
0.25181,0.35286,0.0
0.24761,0.36173,0.0
0.24431,0.37097,0.0
0.24192,0.38049,0.0
0.24048,0.3902,0.0
0.24048,0.4098,0.0
0.24192,0.41951,0.0
0.24431,0.42903,0.0
0.24761,0.43827,0.0
0.25181,0.44714,0.0
0.25685,0.45556,0.0
0.2627,0.46344,0.0
0.26929,0.47071,0.0
0.27656,0.4773,0.0
0.28444,0.48315,0.0
0.29286,0.48819,0.0
0.30173,0.49239,0.0
0.31097,0.49569,0.0
0.32049,0.49808,0.0
0.3302,0.49952,0.0
0.3498,0.49952,0.0
0.35951,0.49808,0.0
0.36903,0.49569,0.0
0.37827,0.49239,0.0
0.38714,0.48819,0.0
0.39556,0.48315,0.0
0.40344,0.4773,0.0
0.41071,0.47071,0.0
0.4173,0.46344,0.0
0.42315,0.45556,0.0
0.42819,0.44714,0.0
0.43239,0.43827,0.0
0.43569,0.42903,0.0
0.43808,0.41951,0.0
0.43952,0.4098,0.0
0.9567,0.625,0.0
0.62771,0.95769,0.0
0.95813,0.32659,0.0
0.4727,0.95122,0.0
0.67707,0.04438,0.0
0.27906,0.95413,0.0
0.04489,0.67159,0.0
0.95727,0.47391,0.0
0.23175,0.39468,0.0
0.52103,0.03778,0.0
0.95643,0.77433,0.0
0.21989,0.04166,0.0
0.04338,0.22003,0.0
0.37452,0.04391,0.0
0.03987,0.52232,0.0
0.23487,0.42633,0.0
0.77408,0.95689,0.0
0.23622,0.37375,0.0
0.8159,0.04403,0.0
0.04605,0.82109,0.0
0.04184,0.32771,0.0
0.04341,0.42419,0.0
0.95091,0.17705,0.0
0.3684,0.95684,0.0
0.17736,0.95919,0.0
0.875,0.9567,0.0
0.04283,0.12577,0.0
0.12624,0.04498,0.0
0.95615,0.87205,0.0
0.0425,0.925,0.0
0.92305,0.04727,0.0
0.04055,0.37378,0.0
0.08104,0.35498,0.0
0.08062,0.31162,0.0
0.11614,0.33161,0.0
0.24657,0.34348,0.0
0.117,0.36544,0.0
0.11373,0.29666,0.0
0.14166,0.31139,0.0
0.14178,0.28277,0.0
0.16928,0.29917,0.0
0.16793,0.27081,0.0
0.27551,0.31301,0.0
0.19255,0.28166,0.0
0.19228,0.25708,0.0
0.16953,0.24297,0.0
0.19484,0.23089,0.0
0.21697,0.24651,0.0
0.22,0.22018,0.0
0.24075,0.2346,0.0
0.31327,0.29302,0.0
0.24397,0.20962,0.0
0.26693,0.22782,0.0
0.26815,0.19946,0.0
0.2892,0.2147,0.0
0.29202,0.18812,0.0
0.31227,0.20357,0.0
0.35614,0.29158,0.0
0.33468,0.29175,0.0
0.19762,0.20274,0.0
0.16554,0.32388,0.0
0.31655,0.1772,0.0
0.33806,0.19614,0.0
0.26869,0.17289,0.0
0.34167,0.16567,0.0
0.36358,0.18277,0.0
0.36153,0.20722,0.0
0.38488,0.19855,0.0
0.38699,0.30099,0.0
0.38889,0.17188,0.0
0.40941,0.18964,0.0
0.40525,0.21478,0.0
0.42854,0.20671,0.0
0.42408,0.23029,0.0
0.44643,0.22257,0.0
0.41984,0.32724,0.0
0.4049,0.3127,0.0
0.45162,0.19936,0.0
0.46935,0.2158,0.0
0.46118,0.24118,0.0
0.48559,0.23281,0.0
0.48004,0.25492,0.0
0.50245,0.24866,0.0
0.49443,0.27307,0.0
0.51894,0.26477,0.0
0.51358,0.28729,0.0
0.53598,0.28059,0.0
0.53071,0.30314,0.0
0.55287,0.2966,0.0
0.54748,0.31942,0.0
0.57008,0.31286,0.0
0.56445,0.33606,0.0
0.58745,0.32945,0.0
0.58117,0.35273,0.0
0.6053,0.34615,0.0
0.59904,0.37038,0.0
0.62358,0.36364,0.0
0.61656,0.38829,0.0
0.62977,0.33848,0.0
0.44848,0.4056,0.0
0.64279,0.38164,0.0
0.63593,0.40762,0.0
0.60577,0.41491,0.0
0.62826,0.43355,0.0
0.60331,0.44033,0.0
0.6219,0.45903,0.0
0.59747,0.46574,0.0
0.61513,0.48455,0.0
0.59171,0.49031,0.0
0.60832,0.51069,0.0
0.57963,0.5144,0.0
0.60112,0.53692,0.0
0.57325,0.54312,0.0
0.59417,0.56441,0.0
0.56088,0.56956,0.0
0.42003,0.47256,0.0
0.5862,0.59228,0.0
0.55745,0.5998,0.0
0.43778,0.44649,0.0
0.6359,0.50332,0.0
0.57941,0.62165,0.0
0.55004,0.62884,0.0
0.60917,0.61368,0.0
0.57601,0.28946,0.0
0.52409,0.2405,0.0
0.66297,0.40072,0.0
0.52941,0.60775,0.0
0.52123,0.63593,0.0
0.50114,0.61505,0.0
0.38621,0.49767,0.0
0.49284,0.64291,0.0
0.51311,0.66458,0.0
0.48391,0.67101,0.0
0.46402,0.64898,0.0
0.45511,0.67669,0.0
0.43584,0.65532,0.0
0.42704,0.68239,0.0
0.40877,0.661,0.0
0.35585,0.50726,0.0
0.39935,0.68802,0.0
0.38055,0.66699,0.0
0.37168,0.69378,0.0
0.35349,0.67226,0.0
0.34392,0.69965,0.0
0.60163,0.64441,0.0
0.63397,0.63518,0.0
0.32485,0.67834,0.0
0.2752,0.48703,0.0
0.30349,0.50204,0.0
0.31531,0.70607,0.0
0.44661,0.37497,0.0
0.6246,0.66847,0.0
0.65912,0.65854,0.0
0.50438,0.69411,0.0
0.29458,0.68398,0.0
0.28455,0.71253,0.0
0.41884,0.70959,0.0
0.64903,0.69425,0.0
0.33347,0.64721,0.0
0.55355,0.52374,0.0
0.68439,0.68402,0.0
0.69335,0.6476,0.0
0.58199,0.44995,0.0
0.4183,0.63494,0.0
0.55818,0.35832,0.0
0.33505,0.72694,0.0
0.44513,0.42633,0.0
0.33515,0.5085,0.0
0.4047,0.48715,0.0
0.43839,0.35354,0.0
0.25987,0.47267,0.0
0.24605,0.45574,0.0
0.72032,0.67384,0.0
0.72909,0.63591,0.0
0.6752,0.72024,0.0
0.26307,0.68917,0.0
0.25276,0.72055,0.0
0.6385,0.73007,0.0
0.52506,0.3253,0.0
0.66528,0.75772,0.0
0.62768,0.76698,0.0
0.75683,0.66327,0.0
0.76524,0.62508,0.0
0.47549,0.19281,0.0
0.23052,0.69507,0.0
0.24096,0.66418,0.0
0.21881,0.72821,0.0
0.24228,0.75381,0.0
0.49455,0.29629,0.0
0.20903,0.6699,0.0
0.21987,0.63883,0.0
0.18771,0.64503,0.0
0.19985,0.61573,0.0
0.22799,0.61024,0.0
0.21042,0.58921,0.0
0.23496,0.58409,0.0
0.21931,0.56487,0.0
0.19474,0.56876,0.0
0.20638,0.54357,0.0
0.1688,0.61975,0.0
0.24286,0.56163,0.0
0.25738,0.57814,0.0
0.20697,0.76269,0.0
0.41518,0.16218,0.0
0.17931,0.54895,0.0
0.18827,0.52561,0.0
0.73716,0.59883,0.0
0.77286,0.58705,0.0
0.74588,0.56147,0.0
0.78125,0.54957,0.0
0.75449,0.52423,0.0
0.79077,0.51262,0.0
0.45913,0.26502,0.0
0.76325,0.48741,0.0
0.79923,0.47582,0.0
0.77206,0.45076,0.0
0.80729,0.43901,0.0
0.78032,0.41354,0.0
0.1786,0.67398,0.0
0.70291,0.74752,0.0
0.69289,0.78639,0.0
0.73246,0.77618,0.0
0.23226,0.79036,0.0
0.7951,0.64706,0.0
0.26582,0.55522,0.0
0.27792,0.57118,0.0
0.25076,0.54341,0.0
0.81575,0.402,0.0
0.78712,0.37561,0.0
0.81485,0.54298,0.0
0.66983,0.37296,0.0
0.62198,0.55747,0.0
0.19507,0.79893,0.0
0.40276,0.23742,0.0
0.16947,0.76771,0.0
0.50926,0.58841,0.0
0.64813,0.45264,0.0
0.16289,0.52937,0.0
0.17276,0.50589,0.0
0.31827,0.14778,0.0
0.48336,0.59537,0.0
0.48977,0.57133,0.0
0.46723,0.57671,0.0
0.47265,0.55547,0.0
0.45252,0.56019,0.0
0.45778,0.5408,0.0
0.43844,0.54547,0.0
0.47697,0.53542,0.0
0.46282,0.52206,0.0
0.48042,0.51651,0.0
0.46544,0.50279,0.0
0.48372,0.49857,0.0
0.4332,0.56405,0.0
0.41996,0.55043,0.0
0.41456,0.56706,0.0
0.4026,0.55414,0.0
0.39676,0.57057,0.0
0.38497,0.55791,0.0
0.37918,0.57504,0.0
0.36829,0.56194,0.0
0.36146,0.57905,0.0
0.35062,0.56302,0.0
0.47187,0.48624,0.0
0.48811,0.48181,0.0
0.34344,0.58292,0.0
0.47575,0.47085,0.0
0.49165,0.4657,0.0
0.50459,0.47689,0.0
0.50844,0.45985,0.0
0.49521,0.44836,0.0
0.51176,0.4428,0.0
0.49989,0.43158,0.0
0.51528,0.42589,0.0
0.50269,0.41572,0.0
0.28676,0.55583,0.0
0.82689,0.36494,0.0
0.79529,0.33747,0.0
0.19479,0.50421,0.0
0.18406,0.48325,0.0
0.15796,0.48604,0.0
0.16841,0.4626,0.0
0.44993,0.51105,0.0
0.83642,0.32652,0.0
0.80469,0.29919,0.0
0.7655,0.31039,0.0
0.77466,0.2726,0.0
0.73702,0.28423,0.0
0.74506,0.24696,0.0
0.78276,0.23388,0.0
0.7089,0.25888,0.0
0.7165,0.22143,0.0
0.68081,0.23329,0.0
0.68823,0.1963,0.0
0.653,0.20876,0.0
0.72453,0.18361,0.0
0.84389,0.28633,0.0
0.27265,0.59099,0.0
0.26196,0.2508,0.0
0.29338,0.30144,0.0
0.31022,0.22947,0.0
0.52242,0.4718,0.0
0.66034,0.17163,0.0
0.62155,0.18852,0.0
0.72191,0.81641,0.0
0.76321,0.80532,0.0
0.68098,0.82692,0.0
0.85358,0.39461,0.0
0.51793,0.40889,0.0
0.50284,0.399,0.0
0.14277,0.46512,0.0
0.15255,0.55441,0.0
0.22147,0.82929,0.0
0.25887,0.81354,0.0
0.15361,0.44065,0.0
0.63214,0.1478,0.0
0.59198,0.16348,0.0
0.40769,0.53787,0.0
0.17472,0.83696,0.0
0.18953,0.45983,0.0
0.37356,0.59188,0.0
0.60434,0.12277,0.0
0.56731,0.13432,0.0
0.60094,0.73868,0.0
0.58933,0.77522,0.0
0.46093,0.47481,0.0
0.48614,0.42028,0.0
0.37389,0.54365,0.0
0.77368,0.76449,0.0
0.80526,0.79381,0.0
0.81628,0.75217,0.0
0.84077,0.46327,0.0
0.39345,0.14283,0.0
0.42113,0.13214,0.0
0.4948,0.5298,0.0
0.72719,0.50007,0.0
0.1317,0.48953,0.0
0.69135,0.39301,0.0
0.79482,0.83664,0.0
0.83823,0.82518,0.0
0.53474,0.4181,0.0
0.3313,0.5686,0.0
0.3364,0.5515,0.0
0.32447,0.58741,0.0
0.64683,0.2456,0.0
0.51816,0.4904,0.0
0.58988,0.19466,0.0
0.71067,0.85796,0.0
0.46428,0.46074,0.0
0.71038,0.57219,0.0
0.42522,0.58064,0.0
0.70026,0.29732,0.0
0.53446,0.68714,0.0
0.52471,0.71786,0.0
0.49368,0.72532,0.0
0.515,0.75034,0.0
0.48262,0.75808,0.0
0.50638,0.78442,0.0
0.47005,0.79267,0.0
0.49579,0.82048,0.0
0.45851,0.82875,0.0
0.43269,0.80029,0.0
0.42077,0.83663,0.0
0.39508,0.80774,0.0
0.38286,0.84434,0.0
0.35692,0.81513,0.0
0.34445,0.85233,0.0
0.11547,0.26544,0.0
0.12645,0.44335,0.0
0.52015,0.39179,0.0
0.5076,0.38067,0.0
0.49138,0.38576,0.0
0.495,0.36964,0.0
0.48011,0.37472,0.0
0.48292,0.3596,0.0
0.47641,0.38925,0.0
0.41952,0.2507,0.0
0.40078,0.25786,0.0
0.41518,0.26928,0.0
0.38536,0.24674,0.0
0.38463,0.2669,0.0
0.36974,0.25458,0.0
0.6682,0.13464,0.0
0.48474,0.85824,0.0
0.52147,0.85376,0.0
0.69768,0.36361,0.0
0.25764,0.84907,0.0
0.53775,0.48541,0.0
0.51255,0.56521,0.0
0.41001,0.87779,0.0
0.66814,0.86911,0.0
0.51318,0.36265,0.0
0.69687,0.90362,0.0
0.33662,0.60143,0.0
0.31635,0.60716,0.0
0.45958,0.59707,0.0
0.82732,0.86957,0.0
0.46722,0.36605,0.0
0.47133,0.35048,0.0
0.48542,0.34446,0.0
0.47343,0.335,0.0
0.48825,0.32943,0.0
0.45811,0.34252,0.0
0.46128,0.32609,0.0
0.44774,0.33128,0.0
0.44916,0.31651,0.0
0.32,0.55483,0.0
0.32476,0.53949,0.0
0.33963,0.53577,0.0
0.13859,0.41855,0.0
0.1677,0.41801,0.0
0.15143,0.39583,0.0
0.17588,0.39527,0.0
0.18929,0.41174,0.0
0.19697,0.394,0.0
0.18579,0.37766,0.0
0.20925,0.40832,0.0
0.20549,0.37711,0.0
0.19629,0.36221,0.0
0.20155,0.42522,0.0
0.21346,0.36162,0.0
0.2052,0.34747,0.0
0.64037,0.83676,0.0
0.62597,0.87877,0.0
0.46368,0.31056,0.0
0.45107,0.30119,0.0
0.43677,0.30738,0.0
0.43849,0.29207,0.0
0.51192,0.89007,0.0
0.11104,0.41927,0.0
0.09829,0.44646,0.0
0.42416,0.29907,0.0
0.54066,0.46628,0.0
0.22248,0.34712,0.0
0.21344,0.33307,0.0
0.25956,0.32685,0.0
0.45122,0.46466,0.0
0.4474,0.4779,0.0
0.68436,0.42264,0.0
0.71368,0.4143,0.0
0.40731,0.77313,0.0
0.87733,0.31595,0.0
0.88508,0.27387,0.0
0.8523,0.24412,0.0
0.64064,0.60372,0.0
0.57731,0.0965,0.0
0.53844,0.10791,0.0
0.53198,0.14462,0.0
0.50564,0.12116,0.0
0.17743,0.36101,0.0
0.67555,0.34514,0.0
0.39676,0.11054,0.0
0.43025,0.10277,0.0
0.59192,0.67653,0.0
0.87189,0.85742,0.0
0.89222,0.22979,0.0
0.86079,0.19975,0.0
0.36829,0.27323,0.0
0.35421,0.26125,0.0
0.35559,0.24412,0.0
0.33985,0.25161,0.0
0.34146,0.2334,0.0
0.34483,0.13604,0.0
0.31951,0.11636,0.0
0.2285,0.33216,0.0
0.22078,0.31844,0.0
0.23728,0.31834,0.0
0.22891,0.30414,0.0
0.24607,0.30509,0.0
0.23698,0.28928,0.0
0.25388,0.2895,0.0
0.20401,0.31793,0.0
0.44123,0.15536,0.0
0.74098,0.88961,0.0
0.59898,0.84579,0.0
0.58261,0.8853,0.0
0.38036,0.28051,0.0
0.30968,0.54209,0.0
0.31456,0.52809,0.0
0.30038,0.53011,0.0
0.88347,0.81166,0.0
0.70572,0.44512,0.0
0.61406,0.08346,0.0
0.13388,0.53284,0.0
0.12326,0.56313,0.0
0.29008,0.13039,0.0
0.29225,0.09555,0.0
0.26208,0.10696,0.0
0.33902,0.26773,0.0
0.32483,0.25923,0.0
0.74949,0.69898,0.0
0.43764,0.46811,0.0
0.43507,0.48092,0.0
0.32458,0.27502,0.0
0.31092,0.2664,0.0
0.92297,0.2551,0.0
0.24555,0.27456,0.0
0.46596,0.29458,0.0
0.49943,0.33899,0.0
0.45496,0.45182,0.0
0.46676,0.44688,0.0
0.10153,0.53572,0.0
0.08828,0.56852,0.0
0.11219,0.59694,0.0
0.07423,0.6028,0.0
0.09898,0.62752,0.0
0.32847,0.08133,0.0
0.29686,0.56706,0.0
0.04372,0.2867,0.0
0.46269,0.72927,0.0
0.32024,0.82327,0.0
0.3328,0.78174,0.0
0.3282,0.52574,0.0
0.31916,0.5163,0.0
0.47297,0.89923,0.0
0.55709,0.47869,0.0
0.55231,0.71254,0.0
0.45791,0.43939,0.0
0.46892,0.43364,0.0
0.29943,0.86267,0.0
0.33098,0.89113,0.0
0.75019,0.38779,0.0
0.49937,0.15563,0.0
0.52584,0.17732,0.0
0.43159,0.26312,0.0
0.30549,0.51551,0.0
0.2919,0.5185,0.0
0.28565,0.53027,0.0
0.27801,0.51791,0.0
0.28396,0.50565,0.0
0.27036,0.50592,0.0
0.2635,0.51742,0.0
0.25662,0.50473,0.0
0.2486,0.51763,0.0
0.2415,0.50424,0.0
0.23247,0.51816,0.0
0.24975,0.4919,0.0
0.2347,0.49056,0.0
0.2429,0.48021,0.0
0.22821,0.4768,0.0
0.34022,0.51998,0.0
0.35366,0.52875,0.0
0.44323,0.49002,0.0
0.42883,0.49318,0.0
0.21323,0.39125,0.0
0.21636,0.42289,0.0
0.21066,0.43773,0.0
0.22329,0.41236,0.0
0.29021,0.90399,0.0
0.53397,0.50627,0.0
0.35091,0.54442,0.0
0.28799,0.23876,0.0
0.28288,0.26033,0.0
0.13618,0.35135,0.0
0.2152,0.28942,0.0
0.45656,0.4253,0.0
0.40006,0.2755,0.0
0.55566,0.16825,0.0
0.54614,0.19831,0.0
0.2961,0.05525,0.0
0.21924,0.48926,0.0
0.58738,0.05461,0.0
0.54495,0.77405,0.0
0.35226,0.2786,0.0
0.39088,0.54157,0.0
0.38175,0.52846,0.0
0.39679,0.52635,0.0
0.41148,0.5231,0.0
0.40204,0.5126,0.0
0.41526,0.50976,0.0
0.42498,0.51878,0.0
0.38896,0.51577,0.0
0.37535,0.51471,0.0
0.30484,0.59272,0.0
0.29621,0.61277,0.0
0.31117,0.63013,0.0
0.28451,0.63486,0.0
0.07169,0.39212,0.0
0.46632,0.38023,0.0
0.46246,0.39198,0.0
0.46957,0.40321,0.0
0.48509,0.39989,0.0
0.26116,0.30225,0.0
0.27051,0.2879,0.0
0.51859,0.20921,0.0
0.17686,0.44168,0.0
0.21909,0.38046,0.0
0.32274,0.93248,0.0
0.24392,0.91561,0.0
0.0459,0.5734,0.0
0.44334,0.52733,0.0
0.03777,0.47424,0.0
0.25199,0.63251,0.0
0.4121,0.28596,0.0
0.39716,0.29164,0.0
0.21287,0.47385,0.0
0.22363,0.46023,0.0
0.50971,0.30832,0.0
0.67315,0.26944,0.0
0.63971,0.27845,0.0
0.61537,0.25636,0.0
0.66325,0.29932,0.0
0.62068,0.22528,0.0
0.59191,0.23885,0.0
0.60884,0.2883,0.0
0.51365,0.50921,0.0
0.52748,0.5255,0.0
0.5433,0.54413,0.0
0.45452,0.38362,0.0
0.23042,0.5458,0.0
0.07456,0.50161,0.0
0.54217,0.34267,0.0
0.53687,0.36402,0.0
0.55253,0.37982,0.0
0.22726,0.35951,0.0
0.38163,0.22323,0.0
0.42445,0.31614,0.0
0.43689,0.32256,0.0
0.43623,0.33445,0.0
0.44424,0.63068,0.0
0.42672,0.61425,0.0
0.40182,0.61577,0.0
0.39247,0.63968,0.0
0.36599,0.6436,0.0
0.37931,0.62275,0.0
0.34805,0.63011,0.0
0.73096,0.3213,0.0
0.75913,0.34767,0.0
0.71924,0.53598,0.0
0.68581,0.54583,0.0
0.69337,0.51211,0.0
0.67175,0.58276,0.0
0.43291,0.45621,0.0
0.44132,0.43643,0.0
0.44966,0.3938,0.0
0.34535,0.50837,0.0
0.36608,0.50586,0.0
0.41278,0.4803,0.0
0.41548,0.49051,0.0
0.40684,0.49948,0.0
0.37651,0.50204,0.0
0.44286,0.36376,0.0
0.44892,0.3546,0.0
0.45379,0.36532,0.0
0.90195,0.18604,0.0
0.86941,0.15473,0.0
0.82654,0.16913,0.0
0.83535,0.12429,0.0
0.79188,0.13793,0.0
0.87978,0.11255,0.0
0.7809,0.184,0.0
0.80181,0.09311,0.0
0.75754,0.10716,0.0
0.76622,0.06391,0.0
0.7206,0.0774,0.0
0.71208,0.12024,0.0
0.29366,0.49797,0.0
0.57417,0.37479,0.0
0.56642,0.39586,0.0
0.54665,0.39966,0.0
0.55713,0.41593,0.0
0.54789,0.43533,0.0
0.58045,0.41263,0.0
0.4746,0.27525,0.0
0.29573,0.79756,0.0
0.30093,0.76376,0.0
0.53363,0.58208,0.0
0.44753,0.4163,0.0
0.45803,0.41132,0.0
0.47058,0.41869,0.0
0.86007,0.90906,0.0
0.81151,0.91569,0.0
0.37141,0.77925,0.0
0.3844,0.74708,0.0
0.26718,0.48032,0.0
0.26432,0.49285,0.0
0.28405,0.49316,0.0
0.04215,0.17425,0.0
0.08331,0.15005,0.0
0.08623,0.10587,0.0
0.12404,0.1273,0.0
0.12349,0.1709,0.0
0.16167,0.15489,0.0
0.16088,0.10976,0.0
0.19396,0.13188,0.0
0.1958,0.08564,0.0
0.08247,0.19735,0.0
0.11914,0.21177,0.0
0.15036,0.19474,0.0
0.40863,0.29963,0.0
0.08928,0.23794,0.0
0.42175,0.95797,0.0
0.23317,0.41598,0.0
0.23764,0.43654,0.0
0.39673,0.30561,0.0
0.37674,0.29777,0.0
0.26465,0.53943,0.0
0.30327,0.29778,0.0
0.29419,0.28938,0.0
0.28385,0.3065,0.0
0.17522,0.04105,0.0
0.24203,0.35279,0.0
0.2312,0.38267,0.0
0.2113,0.51889,0.0
0.43801,0.24424,0.0
0.3244,0.29268,0.0
0.36633,0.29487,0.0
0.34539,0.29061,0.0
0.41278,0.3197,0.0
0.30429,0.65616,0.0
0.42342,0.03948,0.0
0.47309,0.03725,0.0
0.50031,0.07854,0.0
0.46865,0.10544,0.0
0.04288,0.72295,0.0
0.082,0.70062,0.0
0.08384,0.74536,0.0
0.119,0.72192,0.0
0.11897,0.67981,0.0
0.04332,0.77183,0.0
0.08629,0.79274,0.0
0.09148,0.83925,0.0
0.12823,0.8163,0.0
0.13342,0.85988,0.0
0.17178,0.88528,0.0
0.13044,0.90052,0.0
0.05308,0.87285,0.0
0.26736,0.31986,0.0
0.25671,0.3149,0.0
0.25266,0.33472,0.0
0.44461,0.76002,0.0
0.47034,0.62025,0.0
0.2522,0.46439,0.0
0.24203,0.44634,0.0
0.23061,0.44581,0.0
0.91027,0.88886,0.0
0.70089,0.60655,0.0
0.6333,0.30846,0.0
0.68003,0.09264,0.0
0.66058,0.52227,0.0
0.66761,0.49015,0.0
0.52433,0.95877,0.0
0.57747,0.95871,0.0
0.04853,0.07604,0.0
0.68349,0.95447,0.0
0.44414,0.34322,0.0
0.22571,0.43395,0.0
0.95807,0.37489,0.0
0.9126,0.35186,0.0
0.91776,0.40336,0.0
0.95821,0.42536,0.0
0.91728,0.4506,0.0
0.9161,0.49666,0.0
0.95712,0.52203,0.0
0.91488,0.54233,0.0
0.87734,0.51783,0.0
0.87677,0.56217,0.0
0.91066,0.58643,0.0
0.87177,0.60591,0.0
0.83493,0.58155,0.0
0.90901,0.634,0.0
0.86939,0.65087,0.0
0.90526,0.677,0.0
0.86621,0.69493,0.0
0.90243,0.71989,0.0
0.93896,0.69962,0.0
0.83389,0.62809,0.0
0.73606,0.46365,0.0
0.732,0.93213,0.0
0.7013,0.47782,0.0
0.47974,0.44272,0.0
0.24012,0.46658,0.0
0.52186,0.34556,0.0
0.95656,0.57096,0.0
0.30947,0.24922,0.0
0.85952,0.73755,0.0
0.39572,0.49296,0.0
0.65376,0.91436,0.0
0.19185,0.16679,0.0
0.22648,0.15439,0.0
0.88073,0.47559,0.0
0.8767,0.42923,0.0
0.26003,0.27729,0.0
0.39819,0.91871,0.0
0.31158,0.28026,0.0
0.29786,0.27484,0.0
0.28392,0.2797,0.0
0.12652,0.3935,0.0
0.12664,0.94913,0.0
0.90141,0.76653,0.0
0.36303,0.28421,0.0
0.95855,0.82351,0.0
0.87134,0.04127,0.0
0.95731,0.12408,0.0
0.36223,0.51661,0.0
0.62977,0.04226,0.0
0.92442,0.96179,0.0
0.78145,0.72505,0.0
0.42705,0.46456,0.0
0.42708,0.28095,0.0
0.18288,0.5931,0.0
0.14946,0.5887,0.0
0.13552,0.62163,0.0
0.95998,0.22998,0.0
0.54995,0.91851,0.0
0.27196,0.66025,0.0
0.55527,0.50172,0.0
0.12812,0.76976,0.0
0.47424,0.69996,0.0
0.42357,0.48178,0.0
0.31396,0.50572,0.0
0.74488,0.42728,0.0
0.03993,0.63083,0.0
0.22205,0.9584,0.0
0.42336,0.53443,0.0
0.5904,0.39281,0.0
0.40446,0.07561,0.0
0.36759,0.08681,0.0
0.91964,0.30117,0.0
0.41006,0.59565,0.0
0.45741,0.48915,0.0
0.66909,0.62223,0.0
0.74686,0.14931,0.0
0.49266,0.21041,0.0
0.25216,0.60198,0.0
0.27431,0.61174,0.0
0.2754,0.74286,0.0
0.07638,0.03826,0.0
0.65317,0.55224,0.0
0.71204,0.7105,0.0
0.52523,0.45454,0.0
0.82077,0.21481,0.0
0.75243,0.84722,0.0
0.61504,0.70187,0.0
0.45355,0.28463,0.0
0.1519,0.65545,0.0
0.65435,0.79643,0.0
0.18195,0.73408,0.0
0.85069,0.78115,0.0
0.49304,0.54961,0.0
0.51437,0.54213,0.0
0.82345,0.71109,0.0
0.07565,0.95753,0.0
0.44365,0.4554,0.0
0.41364,0.7382,0.0
0.81309,0.26003,0.0
0.82559,0.50474,0.0
0.56653,0.74649,0.0
0.57355,0.8112,0.0
0.61404,0.8054,0.0
0.44774,0.87029,0.0
0.57158,0.65106,0.0
0.96082,0.07615,0.0
0.74995,0.21397,0.0
0.20025,0.91881,0.0
0.95275,0.9232,0.0
0.54224,0.65769,0.0
0.0827,0.27546,0.0
0.9135,0.14189,0.0
0.86541,0.35681,0.0
0.33265,0.04022,0.0
0.43379,0.18157,0.0
0.3918,0.71621,0.0
0.27377,0.30175,0.0
0.28316,0.29412,0.0
0.16425,0.37716,0.0
0.14187,0.37369,0.0
0.69525,0.15996,0.0
0.37102,0.88295,0.0
0.58717,0.2651,0.0
0.56461,0.24699,0.0
0.47862,0.30428,0.0
0.44567,0.70336,0.0
0.3634,0.72274,0.0
0.08823,0.91327,0.0
0.65625,0.42883,0.0
0.23503,0.08085,0.0
0.44647,0.5794,0.0
0.71573,0.38244,0.0
0.49718,0.35414,0.0
0.61101,0.32222,0.0
0.50066,0.4938,0.0
0.61559,0.5847,0.0
0.67783,0.45582,0.0
0.55969,0.2728,0.0
0.38421,0.29008,0.0
0.63018,0.53049,0.0
0.23547,0.34332,0.0
0.54122,0.25647,0.0
0.19741,0.70201,0.0
0.42762,0.5059,0.0
0.91674,0.84283,0.0
0.59068,0.30846,0.0
0.82746,0.95769,0.0
0.57155,0.21534,0.0
0.18649,0.31912,0.0
0.18222,0.33416,0.0
0.47777,0.45646,0.0
0.36825,0.52841,0.0
0.64148,0.10874,0.0
0.12578,0.0877,0.0
0.21867,0.87492,0.0
0.64868,0.35443,0.0
0.31134,0.57224,0.0
0.22115,0.18973,0.0
0.39233,0.58644,0.0
0.14458,0.25526,0.0
0.52919,0.43767,0.0
0.3674,0.15402,0.0
0.53376,0.81706,0.0
0.78456,0.87897,0.0
0.5587,0.45495,0.0
0.47612,0.31991,0.0
0.338,0.2813,0.0
0.60291,0.91889,0.0
0.64013,0.47738,0.0
0.35556,0.59586,0.0
0.742,0.73712,0.0
0.36991,0.23905,0.0
0.15234,0.70013,0.0
0.32547,0.24028,0.0
0.39401,0.50424,0.0
0.29529,0.5082,0.0
0.23682,0.36312,0.0
0.22912,0.11693,0.0
0.29751,0.25861,0.0
0.43781,0.51427,0.0
0.29472,0.16177,0.0
0.1952,0.44121,0.0
0.35969,0.91794,0.0
0.82868,0.66974,0.0
0.14734,0.50941,0.0
0.21356,0.26748,0.0
0.26137,0.14186,0.0
0.49981,0.18442,0.0
0.07815,0.42257,0.0
0.22621,0.50307,0.0
0.54712,0.06816,0.0
0.35355,0.75275,0.0
0.84841,0.08166,0.0
0.45952,0.17585,0.0
0.45987,0.35579,0.0
0.83882,0.42562,0.0
0.32427,0.50684,0.0
0.24697,0.18466,0.0
0.49932,0.92558,0.0
0.23193,0.40534,0.0
0.55917,0.84996,0.0
0.23649,0.25647,0.0
0.5229,0.37692,0.0
0.21292,0.30665,0.0
0.43865,0.91799,0.0
0.24936,0.32446,0.0
0.72963,0.03525,0.0
0.35723,0.22657,0.0
0.45721,0.40084,0.0
0.35145,0.51622,0.0
0.11815,0.4638,0.0
0.22956,0.27544,0.0
0.17305,0.21444,0.0
0.24119,0.33262,0.0
0.08258,0.66199,0.0
0.43266,0.34414,0.0
0.92137,0.0961,0.0
0.25636,0.48249,0.0
0.57662,0.47175,0.0
0.46864,0.15214,0.0
0.2946,0.54263,0.0
0.32701,0.21877,0.0
0.43587,0.59646,0.0
0.17179,0.57078,0.0
0.80095,0.60715,0.0
0.43896,0.50153,0.0
0.96012,0.27714,0.0
0.56296,0.68136,0.0
0.26738,0.77663,0.0
0.20693,0.45663,0.0
0.7877,0.68603,0.0
0.70322,0.3352,0.0
0.41411,0.30969,0.0
0.92332,0.80377,0.0
0.64928,0.07274,0.0
0.50468,0.22832,0.0
0.36184,0.53889,0.0
0.72573,0.35348,0.0
0.54277,0.22508,0.0
0.64063,0.57618,0.0
0.27518,0.49694,0.0
0.49724,0.51229,0.0
0.56819,0.43321,0.0
0.76863,0.91466,0.0
0.16978,0.34303,0.0
0.22487,0.37019,0.0
0.14689,0.22655,0.0
0.9369,0.66213,0.0
0.93524,0.73783,0.0
0.11561,0.51181,0.0
0.26186,0.03914,0.0
0.50292,0.32378,0.0
0.65427,0.32654,0.0
0.44815,0.07081,0.0
0.44252,0.27389,0.0
0.14897,0.74162,0.0
0.23671,0.45507,0.0
0.21848,0.44895,0.0
0.53626,0.38556,0.0
0.36939,0.12314,0.0
0.24017,0.53091,0.0
0.32833,0.51504,0.0
0.49169,0.31367,0.0
0.45173,0.12947,0.0
0.37359,0.28805,0.0
0.4795,0.43068,0.0
0.42597,0.33621,0.0
0.0672,0.45348,0.0
0.20348,0.48789,0.0
0.19674,0.30233,0.0
0.30681,0.73399,0.0
0.25637,0.52937,0.0
0.47933,0.41141,0.0
0.3843,0.50694,0.0
0.03775,0.0379,0.0
0.22311,0.53116,0.0
0.68062,0.31988,0.0
0.44758,0.4438,0.0
0.80097,0.57366,0.0
0.07035,0.54134,0.0
0.26946,0.07555,0.0
0.44568,0.38462,0.0
0.325,0.9706,0.0
0.30471,0.55589,0.0
0.22394,0.38912,0.0
0.3866,0.60429,0.0
0.58718,0.43036,0.0
0.4292,0.4732,0.0
0.15585,0.35884,0.0
0.16103,0.80263,0.0
0.58432,0.70487,0.0
0.11938,0.64905,0.0
0.9634,0.9634,0.0
0.0366,0.9634,0.0
0.9634,0.0366,0.0
0.32817,0.2851,0.0
0.34506,0.21642,0.0
0.28638,0.82922,0.0
0.22223,0.40018,0.0
0.72606,0.9704,0.0
0.16244,0.92197,0.0
0.45745,0.37474,0.0
0.97043,0.72417,0.0
0.15753,0.07389,0.0
0.292,0.58192,0.0
0.41941,0.49993,0.0
0.33026,0.62188,0.0
0.9045,0.92792,0.0
0.57206,0.49137,0.0
0.84962,0.5364,0.0
0.30403,0.28706,0.0
0.12307,0.23939,0.0
0.09824,0.47685,0.0
0.88521,0.38718,0.0
0.54033,0.44975,0.0
0.40779,0.58007,0.0
0.775,0.02712,0.0
0.211,0.50066,0.0
0.25564,0.26522,0.0
0.05182,0.25403,0.0
0.89021,0.07544,0.0
0.22668,0.42231,0.0
0.42891,0.32824,0.0
0.34618,0.10864,0.0
0.55825,0.03363,0.0
0.47963,0.13091,0.0
0.19763,0.33371,0.0
0.54502,0.87952,0.0
0.36779,0.6084,0.0
0.5407,0.73992,0.0
0.35065,0.06282,0.0
0.44989,0.43328,0.0
0.32006,0.28508,0.0
0.43709,0.72809,0.0
0.18889,0.34745,0.0
0.35071,0.61277,0.0
0.24942,0.162,0.0
0.10018,0.8759,0.0
0.23242,0.35217,0.0
0.92476,0.21461,0.0
0.53071,0.40237,0.0
0.27095,0.52841,0.0
0.26166,0.88358,0.0
0.45092,0.49859,0.0
0.36237,0.62353,0.0
0.19848,0.47402,0.0
0.97079,0.67593,0.0
0.28818,0.59767,0.0
0.2708,0.2706,0.0
0.39038,0.28154,0.0
0.10035,0.38892,0.0
0.48079,0.28869,0.0
0.49138,0.41009,0.0
0.53224,0.56173,0.0
0.21572,0.37235,0.0
0.59783,0.21548,0.0
0.26689,0.3105,0.0
0.51221,0.3355,0.0
0.4885,0.43555,0.0
0.09352,0.0706,0.0
0.14702,0.33339,0.0
0.36251,0.54925,0.0
0.51018,0.52585,0.0
0.44735,0.61174,0.0
0.85618,0.4949,0.0
0.4456,0.25755,0.0
0.27615,0.24699,0.0
0.50877,0.34737,0.0
0.17782,0.18715,0.0
0.06856,0.63701,0.0
0.2786,0.54185,0.0
0.56822,0.18896,0.0
0.32583,0.75184,0.0
0.24735,0.3157,0.0
0.48121,0.17214,0.0
0.18648,0.42722,0.0
0.25029,0.47327,0.0
0.65842,0.469,0.0
